Couleur,Taches,Espece
brun,taches,A
brun,taches,A
brun,taches,A
brun,taches,A
brun,taches,A
brun,taches,A
brun,taches,A
brun,taches,A
brun,taches,A
brun,taches,A
brun,taches,A
brun,taches,A
brun,taches,A
brun,taches,A
brun,taches,A
brun,taches,A
brun,taches,A
brun,taches,A
brun,taches,A
brun,taches,A
brun,taches,A
brun,taches,A
brun,taches,A
brun,taches,A
brun,taches,A
brun,taches,A
brun,taches,A
brun,taches,A
brun,taches,A
brun,taches,A
brun,taches,A
brun,taches,A
brun,taches,A
brun,taches,A
brun,taches,A
brun,taches,A
brun,taches,A
brun,taches,A
brun,taches,A
brun,taches,A
brun,taches,A
brun,taches,A
brun,taches,A
brun,taches,A
brun,taches,A
brun,taches,A
brun,taches,A
brun,taches,A
brun,taches,A
brun,taches,A
brun,taches,A
brun,taches,A
brun,taches,A
brun,taches,A
brun,taches,A
brun,taches,A
brun,taches,A
brun,taches,A
brun,taches,A
brun,taches,A
brun,sans taches,A
brun,sans taches,A
brun,sans taches,A
brun,sans taches,B
brun,sans taches,B
brun,sans taches,B
brun,sans taches,B
brun,sans taches,B
brun,sans taches,B
brun,sans taches,B
brun,sans taches,B
brun,sans taches,B
brun,sans taches,B
brun,sans taches,B
brun,sans taches,B
brun,sans taches,B
brun,sans taches,B
brun,sans taches,B
noir,sans taches,B
noir,sans taches,B
noir,sans taches,B
noir,sans taches,B
noir,sans taches,B
